﻿{
  "$schema": "Reference reportThemeSchema-2.143 (May 2025).json",
  "name": "Achmad Farizky Custom 3.0",
  "dataColors": [
    "#00668c",
    "#71c4ef",
    "#d4eaf7",
    "#b6ccd8",
    "#313d44",
    "#3b3c3d",
    "#308C9A",
    "#C05B5B"
  ],
  "good": "#308C9A",
  "bad": "#C05B5B",
  "neutral": "#BCBBBF",
  "maximum": "#326696",
  "minimum": "#B34E4E",
  "center": "#D8DBDF",
  "background": "#FFFFFF",
  "backgroundLight": "#F3F2F1",
  "backgroundNeutral": "#edf1f4",
  "foreground": "#243140",
  "foregroundNeutralSecondary": "#605E5C",
  "foregroundNeutralTertiary": "#B3B0AD",
  "firstLevelElements": "#30465F",
  "secondLevelElements": "#455d79",
  "tableAccent": "#e7ecf0"
}
